epoch,step,train_loss,val_loss
0,999,0.00023261610476765782,
0,1999,4.329735384089872e-05,
0,2999,8.121077553369105e-05,
0,3999,0.00025337605620734394,
0,4999,1.79831258719787e-05,
0,5999,1.0434630894451402e-05,
0,6999,7.536698376497952e-06,
0,7999,0.0006947819492779672,
0,8999,3.8030706491554156e-05,
0,9999,0.0005203543114475906,
0,10999,0.00011916226503672078,
0,11535,,0.00017184996977448463
